stt,product_title,sku,product_url,image_url,status
1,Điều khiển 4 phím cảm biến tiệm cận Casambi Vlinca - VBA-SSR4,bang-dieu-khien-4-phim-thong-minh-casambi-vlinca-vba-ssr4,https://knxstore.vn/products/bang-dieu-khien-4-phim-thong-minh-casambi-vlinca-vba-ssr4,https://knxstore.vn/assets/image/product/bang-dieu-khien-4-phim-thong-minh-casambi-vlinca-vba-ssr42.jpg,ok
2,Bảng điều khiển 6 phím không dây Casambi Vlinca - VBA-RCS6,bang-dieu-khien-6-phim-khong-day-casambi-vlinca-vba-rcs6,https://knxstore.vn/products/bang-dieu-khien-6-phim-khong-day-casambi-vlinca-vba-rcs6,https://knxstore.vn/assets/image/product/bang-dieu-khien-6-phim-khong-day-casambi-vlinca-vba-rcs6.jpg,ok
3,Bảng điều khiển 8 phím không dây Casambi Vlinca - VBA-RCS8,bang-dieu-khien-8-phim-khong-day-casambi-vlinca-vba-rcs8,https://knxstore.vn/products/bang-dieu-khien-8-phim-khong-day-casambi-vlinca-vba-rcs8,https://knxstore.vn/assets/image/product/bang-dieu-khien-8-phim-khong-day-casambi-vlinca-vba-rcs82.jpg,ok
4,Bộ chuyển đổi DMX sang Casambi chọn ngữ cảnh SceneDMXcas,bo-chuyen-doi-dmx-sang-casambi-chon-ngu-canh-scenedmxcas,https://knxstore.vn/products/bo-chuyen-doi-dmx-sang-casambi-chon-ngu-canh-scenedmxcas,https://knxstore.vn/assets/image/product/bo-chuyen-doi-dmx-sang-casambi-chon-ngu-canh-scenedmxcas.jpg,ok
5,Bộ điều khiển 16 địa chỉ driver DALI master Salvador Casambi - SAL-1016,bo-dieu-khien-16-dia-chi-driver-dali-master-salvador-casambi-sal-1016,https://knxstore.vn/products/bo-dieu-khien-16-dia-chi-driver-dali-master-salvador-casambi-sal-1016,https://knxstore.vn/assets/image/product/bo-dieu-khien-16-dia-chi-driver-dali-master-salvador-casambi-sal-1016.jpg,ok
6,Bộ điều khiển 32 địa chỉ driver DALI master Salvador Casambi - SAL-1032,bo-dieu-khien-32-dia-chi-driver-dali-master-salvador-casambi-sal-1032,https://knxstore.vn/products/bo-dieu-khien-32-dia-chi-driver-dali-master-salvador-casambi-sal-1032,https://knxstore.vn/assets/image/product/bo-dieu-khien-32-dia-chi-driver-dali-master-salvador-casambi-sal-1032.jpg,ok
7,Bộ điều khiển Casambi to Matter Bridge Rayrun - MTB10,bo-dieu-khien-casambi-to-matter-bridge-rayrun-mtb10,https://knxstore.vn/products/bo-dieu-khien-casambi-to-matter-bridge-rayrun-mtb10,https://knxstore.vn/assets/image/product/bo-dieu-khien-casambi-to-matter-bridge-rayrun-mtb10.jpg,ok
8,Bộ điều khiển DMX đa kênh với radio tầm xa Casambi - casDMX,bo-dieu-khien-dmx-da-kenh-casambi-voi-radio-tam-xa-casdmx,https://knxstore.vn/products/bo-dieu-khien-dmx-da-kenh-casambi-voi-radio-tam-xa-casdmx,https://knxstore.vn/assets/image/product/bo-dieu-khien-dmx-da-kenh-casambi-voi-radio-tam-xa-casdmx_2.jpg,ok
9,Bộ Điều Khiển Độ Sáng DMX 8 Kênh Casambi - DMXcas,bo-dieu-khien-do-sang-dmx-casambi-8-kenh-dmxcas,https://knxstore.vn/products/bo-dieu-khien-do-sang-dmx-casambi-8-kenh-dmxcas,https://knxstore.vn/assets/image/product/bo-dieu-khien-do-sang-dmx-casambi-8-kenh-dmxcas_2.jpg,ok
10,Bộ điều khiển động cơ rèm Casambi 2 kênh 2A Casambi - CBU-BLIND-2P,bo-dieu-khien-dong-co-rem-casambi-2-kenh-2a-casambi-cbu-blind-2p,https://knxstore.vn/products/bo-dieu-khien-dong-co-rem-casambi-2-kenh-2a-casambi-cbu-blind-2p,https://knxstore.vn/assets/image/product/bo-dieu-khien-dong-co-rem-casambi-2-kenh-2a-casambi-cbu-blind-2p2.jpg,ok
11,Bộ điều khiển động cơ rèm Casambi 2 kênh Maintronic - CBA1024,bo-dieu-khien-dong-co-rem-casambi-2-kenh-maintronic-cba1024,https://knxstore.vn/products/bo-dieu-khien-dong-co-rem-casambi-2-kenh-maintronic-cba1024,https://knxstore.vn/assets/image/product/bo-dieu-khien-dong-co-rem-casambi-2-kenh-maintronic-cba1024.jpg,ok
12,Bộ điều khiển Gate Casambi Protopixel – Gate Casambi,bo-dieu-khien-gate-casambi-protopixel-gate-casambi,https://knxstore.vn/products/bo-dieu-khien-gate-casambi-protopixel-gate-casambi,https://knxstore.vn/assets/image/product/bo-dieu-khien-gate-casambi-protopixel-gate-casambi.jpg,ok
13,Bộ điều khiển hồng ngoại IR Casambi Remotec - BXT-130,bo-dieu-khien-hong-ngoai-ir-casambi-remotec-bxt-130,https://knxstore.vn/products/bo-dieu-khien-hong-ngoai-ir-casambi-remotec-bxt-130,https://knxstore.vn/assets/image/product/bo-dieu-khien-hong-ngoai-ir-casambi-remotec-bxt-130.jpg,ok
14,"Bộ điều khiển LED Pixel SPI, 5-24V Casambi - RUNNING-LIGHT-CASAMBI",bo-dieu-khien-led-pixel-spi-5-24v-casambi-running-light-casambi,https://knxstore.vn/products/bo-dieu-khien-led-pixel-spi-5-24v-casambi-running-light-casambi,https://knxstore.vn/assets/image/product/bo-dieu-khien-led-pixel-spi-5-24v-casambi-running-light-casambi.jpg,ok
15,Bộ điều khiển on/off Casambi 10A AIMOTION - 1023,bo-dieu-khien-on-off-casambi-10a-aimotion-1023,https://knxstore.vn/products/bo-dieu-khien-on-off-casambi-10a-aimotion-1023,https://knxstore.vn/assets/image/product/bo-dieu-khien-on-off-casambi-10a-aimotion-1023.jpg,ok
16,"Bộ điều khiển on/off LED Casambi 1 ngõ ra, 2 ngõ vào Olfer",bo-dieu-khien-on-off-led-casambi-1-ngo-ra-10a-dry-contact-2-ngo-vao-nut-nhan-olfer-cbu-rl-2p,https://knxstore.vn/products/bo-dieu-khien-on-off-led-casambi-1-ngo-ra-10a-dry-contact-2-ngo-vao-nut-nhan-olfer-cbu-rl-2p,https://knxstore.vn/assets/image/product/bo-dieu-khien-on-off-led-casambi-1-ngo-ra-10a-dry-contact-2-ngo-vao-nut-nhan-olfer-cbu-rl-2p.jpg,ok
17,Bộ điều khiển on/off LED Casambi 1 ngõ ra/vào Olfer - CBU-RLVF-1P,bo-dieu-khien-on-off-led-casambi-1-ngo-ra-13a-1-ngo-vao-nut-nhan-olfer-cbu-rlvf-1p,https://knxstore.vn/products/bo-dieu-khien-on-off-led-casambi-1-ngo-ra-13a-1-ngo-vao-nut-nhan-olfer-cbu-rlvf-1p,https://knxstore.vn/assets/image/product/bo-dieu-khien-on-off-led-casambi-1-ngo-ra-13a-1-ngo-vao-nut-nhan-olfer-cbu-rlvf-1p.jpg,ok
18,Bộ điều khiển on/off LED Casambi 2 ngõ ra/vào Olfer - CBU-2RL-2P,bo-dieu-khien-on-off-led-casambi-2-ngo-ra-5a-2-ngo-vao-nut-nhan-olfer-cbu-2rl-2p,https://knxstore.vn/products/bo-dieu-khien-on-off-led-casambi-2-ngo-ra-5a-2-ngo-vao-nut-nhan-olfer-cbu-2rl-2p,https://knxstore.vn/assets/image/product/bo-dieu-khien-on-off-led-casambi-2-ngo-ra-5a-2-ngo-vao-nut-nhan-olfer-cbu-2rl-2p.jpg,ok
19,Bộ điều khiển đóng ngắt 11A tích hợp Casambi - VBU-R1-BI,bo-dieu-khien-tich-hop-casambi-vbu-r1-bi,https://knxstore.vn/products/bo-dieu-khien-tich-hop-casambi-vbu-r1-bi,https://knxstore.vn/assets/image/product/bo-dieu-khien-tich-hop-casambi-vbu-r1-bi1.jpg,ok
20,CBU-4P - Bộ module nút nhấn Casambi 4 kênh Olfer,bo-module-nut-nhan-casambi-4-kenh-olfer-cbu-4p,https://knxstore.vn/products/bo-module-nut-nhan-casambi-4-kenh-olfer-cbu-4p,https://knxstore.vn/assets/image/product/bo-module-nut-nhan-casambi-4-kenh-olfer-cbu-4p1.jpg,ok
21,Cảm biến chuyển động & ánh sáng Casambi DALI Olfer - CBU-PIR-CR-DA,cam-bien-chuyen-dong-anh-sang-casambi-dali-olfer-cbu-pir-cr-da,https://knxstore.vn/products/cam-bien-chuyen-dong-anh-sang-casambi-dali-olfer-cbu-pir-cr-da,https://knxstore.vn/assets/image/product/cam-bien-chuyen-dong-anh-sang-casambi-dali-olfer-cbu-pir-cr-da.jpg,ok
22,Cảm biến hiện diện Casambi IP65 Zhaga 0-10V Sunricher,cam-bien-hien-dien-casambi-ip65-zhaga-dim-0-10v-sunricher-sr-cs9033a-pir-v,https://knxstore.vn/products/cam-bien-hien-dien-casambi-ip65-zhaga-dim-0-10v-sunricher-sr-cs9033a-pir-v,https://knxstore.vn/assets/image/product/cam-bien-hien-dien-casambi-ip65-zhaga-dim-0-10v-sunricher-sr-cs9033a-pir-v.jpg,ok
23,Cảm biến hiện diện DALI Versaan Casambi Dali Unity S1 - VS-S1-LBW,cam-bien-hien-dien-dali-versaan-casambi-unity-s1,https://knxstore.vn/products/cam-bien-hien-dien-dali-versaan-casambi-unity-s1,https://knxstore.vn/assets/image/product/cam-bien-hien-dien-dali-versaan-casambi-unity-s11.jpg,ok
24,Bóng đèn led thông minh Casambi Bluetooth Carus E27 - LE43 080488,carus-bong-den-led-thong-minh-dieu-chinh-qua-bluetooth,https://knxstore.vn/products/carus-bong-den-led-thong-minh-dieu-chinh-qua-bluetooth,https://knxstore.vn/assets/image/product/carus-bong-den-led-thong-minh-dieu-chinh-qua-bluetooth_1.jpg,ok
25,CBU-A2D - Bộ điều khiển 2 kênh 0-10V & DALI Bluetooth Casambi,casambi-bo-dieu-khien-2-kenh-0-10v-dali-bluetooth-cbu-a2d,https://knxstore.vn/products/casambi-bo-dieu-khien-2-kenh-0-10v-dali-bluetooth-cbu-a2d,https://knxstore.vn/assets/image/product/casambi-bo-dieu-khien-2-kenh-0-10v-dali-bluetooth-cbu-a2d_2.jpg,ok
26,CBU-TED-LR - Bộ điều khiển dimmer Triac Casambi,casambi-bo-dieu-khien-chieu-sang-dimmer-bluetooth-cbu-ted-lr,https://knxstore.vn/products/casambi-bo-dieu-khien-chieu-sang-dimmer-bluetooth-cbu-ted-lr,https://knxstore.vn/assets/image/product/casambi-bo-dieu-khien-chieu-sang-dimmer-bluetooth-cbu-ted-lr_1.png,ok
27,Bộ điều khiển dimmer Triac Casambi Vadsbo - LD220WCM,casambi-bo-dieu-khien-chieu-sang-dimmer-bluetooth-ld220wcm,https://knxstore.vn/products/casambi-bo-dieu-khien-chieu-sang-dimmer-bluetooth-ld220wcm,https://knxstore.vn/assets/image/product/casambi-bo-dieu-khien-chieu-sang-dimmer-bluetooth-ld220wcm_4.jpg,ok
28,Bộ điều khiển relay bluetooth Casambi - R3000WCM,casambi-bo-dieu-khien-chieu-sang-relay-bluetooth-r3000wcm,https://knxstore.vn/products/casambi-bo-dieu-khien-chieu-sang-relay-bluetooth-r3000wcm,https://knxstore.vn/assets/image/product/casambi-bo-dieu-khien-chieu-sang-relay-bluetooth-r3000wcm_1.jpg,ok
29,CBU-PWM4 - Bộ điều khiển chiếu sáng RGBW & tunable white Bluetooth Casambi,casambi-bo-dieu-khien-chieu-sang-rgbw-tunable-white-bluetooth-cbu-pwm4,https://knxstore.vn/products/casambi-bo-dieu-khien-chieu-sang-rgbw-tunable-white-bluetooth-cbu-pwm4,https://knxstore.vn/assets/image/product/casambi-bo-dieu-khien-chieu-sang-rgbw-tunable-white-bluetooth-cbu-pwm4_1.jpg,ok
30,CBU-DCS - Bộ điều khiển DALI Bluetooth Casambi,casambi-bo-dieu-khien-dali-bluetooth-cbu-dcs,https://knxstore.vn/products/casambi-bo-dieu-khien-dali-bluetooth-cbu-dcs,https://knxstore.vn/assets/image/product/casambi-bo-dieu-khien-dali-bluetooth-cbu-dcs_3.jpg,ok
31,CBU-DA-1P - Bộ điều khiển DALI Casambi Olfer,casambi-bo-dieu-khien-dali-cbu-da-1p,https://knxstore.vn/products/casambi-bo-dieu-khien-dali-cbu-da-1p,https://knxstore.vn/assets/image/product/casambi-bo-dieu-khien-dali-cbu-da-1p_10.jpg,ok
32,Bộ điều khiển 64 địa chỉ driver DALI master Salvador Casambi - SAL-1064,casambi-bo-dieu-khien-dali-master-casambi-savaldor-sal-10xx,https://knxstore.vn/products/casambi-bo-dieu-khien-dali-master-casambi-savaldor-sal-10xx,https://knxstore.vn/assets/image/product/casambi-bo-dieu-khien-dali-master-casambi-savaldor-sal-10xx_4.jpg,ok
33,Bộ nguồn Tridonic 24V 100W Casambi - LC 100/24V bDW SC PRE2,casambi-bo-nguon-tridonic-24v-100w-lc-100-24v-bdw-sc-pre2,https://knxstore.vn/products/casambi-bo-nguon-tridonic-24v-100w-lc-100-24v-bdw-sc-pre2,https://knxstore.vn/assets/image/product/casambi-bo-nguon-tridonic-24v-100w-lc-100-24v-bdw-sc-pre2_4.jpg,ok
34,Bộ nguồn Tridonic 24V 150W Casambi - LC 150/24V bDW SC PRE2,casambi-bo-nguon-tridonic-24v-150w-lc-150-24v-bdw-sc-pre2,https://knxstore.vn/products/casambi-bo-nguon-tridonic-24v-150w-lc-150-24v-bdw-sc-pre2,https://knxstore.vn/assets/image/product/casambi-bo-nguon-tridonic-24v-150w-lc-150-24v-bdw-sc-pre2_4.jpg,ok
35,Bộ nguồn Tridonic 24V 35W Casambi - LC 35/24V bDW SC PRE2,casambi-bo-nguon-tridonic-24v-35w-lc-35-24v-bdw-sc-pre2,https://knxstore.vn/products/casambi-bo-nguon-tridonic-24v-35w-lc-35-24v-bdw-sc-pre2,https://knxstore.vn/assets/image/product/casambi-bo-nguon-tridonic-24v-35w-lc-35-24v-bdw-sc-pre2_4.jpg,ok
36,Bộ nguồn Tridonic 24V 60W Casambi - LC 60/24V bDW SC PRE2,casambi-bo-nguon-tridonic-24v-60w-lc-60-24v-bdw-sc-pre2,https://knxstore.vn/products/casambi-bo-nguon-tridonic-24v-60w-lc-60-24v-bdw-sc-pre2,https://knxstore.vn/assets/image/product/casambi-bo-nguon-tridonic-24v-60w-lc-60-24v-bdw-sc-pre2_4.jpg,ok
37,Cảm biến hồng ngoại gắn trần Casambi DALI - EBDMR-CB-DD,casambi-cam-bien-hong-ngoai-gan-tran-ebdmr-cb-dd,https://knxstore.vn/products/casambi-cam-bien-hong-ngoai-gan-tran-ebdmr-cb-dd,https://knxstore.vn/assets/image/product/casambi-cam-bien-hong-ngoai-gan-tran-ebdmr-cb-dd_1.jpg,ok
38,Cảm biến hồng ngoại gắn trần Casambi - EBDSPIR-CB-DD,casambi-cam-bien-hong-ngoai-gan-tran-ebdspir-cb-dd,https://knxstore.vn/products/casambi-cam-bien-hong-ngoai-gan-tran-ebdspir-cb-dd,https://knxstore.vn/assets/image/product/casambi-cam-bien-hong-ngoai-gan-tran-ebdspir-cb-dd_1.jpg,ok
39,Cảm biến hồng ngoại gắn trần Casambi - EBDSPIR-CB-NN,casambi-cam-bien-hong-ngoai-gan-tran-ebdspir-cb-nn,https://knxstore.vn/products/casambi-cam-bien-hong-ngoai-gan-tran-ebdspir-cb-nn,https://knxstore.vn/assets/image/product/casambi-cam-bien-hong-ngoai-gan-tran-ebdspir-cb-nn_1.jpg,ok
40,Cảm biến hồng ngoại trần cao Casambi DALI M64 - EBDHS-B-CB-DD,casambi-cam-bien-hong-ngoai-khu-vuc-tran-cao-ebdhs-b-cb-dd,https://knxstore.vn/products/casambi-cam-bien-hong-ngoai-khu-vuc-tran-cao-ebdhs-b-cb-dd,https://knxstore.vn/assets/image/product/casambi-cam-bien-hong-ngoai-khu-vuc-tran-cao-ebdhs-b-cb-dd_1.jpg,ok
41,Cảm biến hồng ngoại trần cao Casambi DALI M20 - EBDHS-B-MB-CB-DD,casambi-cam-bien-hong-ngoai-khu-vuc-tran-cao-ebdhs-b-mb-cb-dd,https://knxstore.vn/products/casambi-cam-bien-hong-ngoai-khu-vuc-tran-cao-ebdhs-b-mb-cb-dd,https://knxstore.vn/assets/image/product/casambi-cam-bien-hong-ngoai-khu-vuc-tran-cao-ebdhs-b-mb-cb-dd_1.jpg,ok
42,Thiết bị hỗ trợ điều khiển từ xa Cloud gateway Casambi - CGW-001,casambi-cloud-gateway-cgw-001,https://knxstore.vn/products/casambi-cloud-gateway-cgw-001,https://knxstore.vn/assets/image/product/casambi-cloud-gateway-cgw-001_3.jpg,ok
43,Công tắc Bticino Living Now 3M Casambi - CBL-PB3-XX,casambi-cong-tac-bticino-living-now-3m-cbl-pb3-xx,https://knxstore.vn/products/casambi-cong-tac-bticino-living-now-3m-cbl-pb3-xx,https://knxstore.vn/assets/image/product/casambi-cong-tac-bticino-living-now-3m-cbl-pb3-xx1.jpg,ok
44,Công tắc điều khiển 6 phím không dây Casambi Siqitech D1-CB01,casambi-cong-tac-dieu-khien-casambi-d1,https://knxstore.vn/products/casambi-cong-tac-dieu-khien-casambi-d1,https://knxstore.vn/assets/image/product/casambi-cong-tac-dieu-khien-casambi-d1.jpg,ok
45,Công tắc điều khiển không dây Mpress Casambi - V-42B220X,casambi-cong-tac-dieu-khien-khong-day-mpress,https://knxstore.vn/products/casambi-cong-tac-dieu-khien-khong-day-mpress,https://knxstore.vn/assets/image/product/casambi-cong-tac-dieu-khien-khong-day-mpress_6.jpg,ok
46,Công tắc điều khiển không dây Xpress Casambi,casambi-cong-tac-dieu-khien-khong-day-xpress,https://knxstore.vn/products/casambi-cong-tac-dieu-khien-khong-day-xpress,https://knxstore.vn/assets/image/product/casambi-cong-tac-dieu-khien-khong-day-xpress_2.jpg,ok
47,Công tắc Enocean / System 55 Casambi - 105X,casambi-cong-tac-enocean-system-55-105x,https://knxstore.vn/products/casambi-cong-tac-enocean-system-55-105x,https://knxstore.vn/assets/image/product/casambi-cong-tac-enocean-system-55-105x_2.jpg,ok
48,Điều khiển Casambi DALI lắp Ray nam châm 48VDC Vlinca - VBU-D-ITL,casambi-dali-lap-ray-nam-cham-48vdc-vlinca-vbu-d-itl,https://knxstore.vn/products/casambi-dali-lap-ray-nam-cham-48vdc-vlinca-vbu-d-itl,https://knxstore.vn/assets/image/product/casambi-dali-lap-ray-nam-cham-48vdc-vlinca-vbu-d-itl.jpg,ok
49,Thiết bị chuyển đổi KNX sang Casambi - VBU-K2C-W-BI,casambi-thiet-bi-chuyen-doi-knx-sang-casambi-vbu-k2c-w-bi,https://knxstore.vn/products/casambi-thiet-bi-chuyen-doi-knx-sang-casambi-vbu-k2c-w-bi,https://knxstore.vn/assets/image/product/casambi-thiet-bi-chuyen-doi-knx-sang-casambi-vbu-k2c-w-bi_1.jpg,ok
50,[Combo] Gói Sản Phẩm Casambi Phòng Ăn,combo-goi-san-pham-casambi-phong-an,https://knxstore.vn/products/combo-goi-san-pham-casambi-phong-an,https://knxstore.vn/assets/image/product/combo-goi-san-pham-casambi-phong-an_2.jpg,ok
51,[Combo] Gói Sản Phẩm Casambi Phòng Họp,combo-goi-san-pham-casambi-phong-hop,https://knxstore.vn/products/combo-goi-san-pham-casambi-phong-hop,https://knxstore.vn/assets/image/product/combo-goi-san-pham-casambi-phong-hop_2.jpg,ok
52,[Combo] Gói Sản Phẩm Casambi Phòng Khách,combo-goi-san-pham-casambi-phong-khach,https://knxstore.vn/products/combo-goi-san-pham-casambi-phong-khach,https://knxstore.vn/assets/image/product/combo-goi-san-pham-casambi-phong-khach_2.jpg,ok
53,[Combo] Gói Sản Phẩm Casambi Phòng Làm Việc,combo-goi-san-pham-casambi-phong-lam-viec,https://knxstore.vn/products/combo-goi-san-pham-casambi-phong-lam-viec,https://knxstore.vn/assets/image/product/combo-goi-san-pham-casambi-phong-lam-viec_2.jpg,ok
54,[Combo] Gói Sản Phẩm Casambi Phòng Ngủ Master,combo-goi-san-pham-casambi-phong-ngu-master,https://knxstore.vn/products/combo-goi-san-pham-casambi-phong-ngu-master,https://knxstore.vn/assets/image/product/combo-goi-san-pham-casambi-phong-ngu-master_2.jpg,ok
55,Công tắc điều khiển 4 phím không dây Casambi Siqitech D1-CB02,cong-tac-dieu-khien-4-phim-khong-day-casambi-siqitech-d1-cb02,https://knxstore.vn/products/cong-tac-dieu-khien-4-phim-khong-day-casambi-siqitech-d1-cb02,https://knxstore.vn/assets/image/product/cong-tac-dieu-khien-4-phim-khong-day-casambi-siqitech-d1-cb01.jpg,ok
56,Công tắc điều khiển xoay 3 phím bấm Casambi D1 Siqitech - XD1PN1L,cong-tac-dieu-khien-xoay-3-phim-bam-casambi-d1,https://knxstore.vn/products/cong-tac-dieu-khien-xoay-3-phim-bam-casambi-d1,https://knxstore.vn/assets/image/product/cong-tac-dieu-khien-xoay-3-phim-bam-casambi-d1.jpg,ok
57,"Công tắc điều khiển xoay LCD, 3 phím bấm đa chức năng Casambi D1 Siqitech - XD1PN3L",cong-tac-dieu-khien-xoay-lcd-3-phim-bam-da-chuc-nang-casambi-d1-siqitech-xd1pn3l,https://knxstore.vn/products/cong-tac-dieu-khien-xoay-lcd-3-phim-bam-da-chuc-nang-casambi-d1-siqitech-xd1pn3l,https://knxstore.vn/assets/image/product/cong-tac-dieu-khien-xoay-lcd-3-phim-bam-da-chuc-nang-casambi-d1-siqitech-xd1pn3l1.jpg,ok
58,"Dimmer LED dây 5 ngõ ra RGB, RGBW, TW Casambi DALCNET",dalcnet-dimmer-led-casambi-line-5cv-casambi,https://knxstore.vn/products/dalcnet-dimmer-led-casambi-line-5cv-casambi,https://knxstore.vn/assets/image/product/dalcnet-dimmer-led-casambi-line-5cv-casambi_9.jpg,ok
59,Module điều khiển Casambi Danlers - CBU-RELAY,danlers-module-dieu-khien-cbu-relay,https://knxstore.vn/products/danlers-module-dieu-khien-cbu-relay,https://knxstore.vn/assets/image/product/danlers-module-dieu-khien-cbu-relay_3.jpg,ok
60,Điều khiển 6 phím cảm biến tiệm cận Casambi Vlinca - VBA-SSR6,dieu-khien-6-phim-co-cam-bien-2-ngo-ra-on-off-casambi-vlinca-vba-ssr6,https://knxstore.vn/products/dieu-khien-6-phim-co-cam-bien-2-ngo-ra-on-off-casambi-vlinca-vba-ssr6,https://knxstore.vn/assets/image/product/dieu-khien-6-phim-co-cam-bien-2-ngo-ra-on-off-casambi-vlinca-vba-ssr6.jpg,ok
61,Bộ điều khiển dimmer Triac Casambi Maintronic - CRD400,dimmer-dieu-chinh-do-sang-led-casambi-retrofit-crd-ins-casambi-crd400,https://knxstore.vn/products/dimmer-dieu-chinh-do-sang-led-casambi-retrofit-crd-ins-casambi-crd400,https://knxstore.vn/assets/image/product/dimmer-dieu-chinh-do-sang-led-casambi-retrofit-crd-ins-casambi-crd400.jpg,ok
62,Bộ điều khiển dimmer Triac Casambi 1 kênh DALCNET - MINI-1AC-CASAMBI,dimmer-led-ac-casambi-1-kenh-ho-tro-nut-nhan-casambi-mini-1ac-casambi,https://knxstore.vn/products/dimmer-led-ac-casambi-1-kenh-ho-tro-nut-nhan-casambi-mini-1ac-casambi,https://knxstore.vn/assets/image/product/dimmer-led-ac-casambi-1-kenh-ho-tro-nut-nhan-casambi-mini-1ac-casambi.jpg,ok
63,Dimmer 220V triac Casambi EBELONG - ERC1201-CAS,ebelong-dimmer-220v-triac-casambi-erc1201-cas,https://knxstore.vn/products/ebelong-dimmer-220v-triac-casambi-erc1201-cas,https://knxstore.vn/assets/image/product/ebelong-dimmer-220v-triac-casambi-erc1201-cas_1.jpg,ok
64,Giá đỡ NEMA gắn tường Olfer - JL-260C-E2M-7P-SS,gia-do-nema-gan-tuong-jl-260c-exm-7p-ss,https://knxstore.vn/products/gia-do-nema-gan-tuong-jl-260c-exm-7p-ss,https://knxstore.vn/assets/image/product/gia-do-nema-gan-tuong-jl-260c-exm-7p-ss_5.jpg,ok
65,LED Driver CC Casambi 12W 6-42V 1 kênh NFC - SRP-CA9105N-12CC100-700,led-driver-cc-casambi-12w-6-42v-1-kenh-nfc,https://knxstore.vn/products/led-driver-cc-casambi-12w-6-42v-1-kenh-nfc,https://knxstore.vn/assets/image/product/led-driver-cc-casambi-12w-6-42v-1-kenh-nfc.jpg,ok
66,LED Driver CC Casambi 12W 6-42V 2 kênh NFC - SRP-CA9105N-12CCT100-700,led-driver-cc-casambi-12w-6-42v-2-kenh-nfc,https://knxstore.vn/products/led-driver-cc-casambi-12w-6-42v-2-kenh-nfc,https://knxstore.vn/assets/image/product/led-driver-cc-casambi-12w-6-42v-2-kenh-nfc.jpg,ok
67,LED Driver CC Casambi 15W 6-42V 1 kênh NFC - SRP-CA9105N-15CC100-700,led-driver-cc-casambi-15w-6-42v-1-kenh-nfc,https://knxstore.vn/products/led-driver-cc-casambi-15w-6-42v-1-kenh-nfc,https://knxstore.vn/assets/image/product/led-driver-cc-casambi-15w-6-42v-1-kenh-nfc.jpg,ok
68,LED Driver CC Casambi 15W 6-42V 2 kênh NFC - SRP-CA9105N-15CCT100-700,led-driver-cc-casambi-15w-6-42v-2-kenh-nfc,https://knxstore.vn/products/led-driver-cc-casambi-15w-6-42v-2-kenh-nfc,https://knxstore.vn/assets/image/product/led-driver-cc-casambi-15w-6-42v-2-kenh-nfc.jpg,ok
69,LED Driver CC Casambi 25W 6-54V 1 kênh NFC - SRP-CA9105N-25CC250-700,led-driver-cc-casambi-25w-6-54v-1-kenh-nfc,https://knxstore.vn/products/led-driver-cc-casambi-25w-6-54v-1-kenh-nfc,https://knxstore.vn/assets/image/product/led-driver-cc-casambi-25w-6-54v-1-kenh-nfc.jpg,ok
70,LED Driver CC Casambi 25W 6-54V 2 kênh NFC - SRP-CA9105N-25CCT250-700,led-driver-cc-casambi-25w-6-54v-2-kenh-nfc,https://knxstore.vn/products/led-driver-cc-casambi-25w-6-54v-2-kenh-nfc,https://knxstore.vn/assets/image/product/led-driver-cc-casambi-25w-6-54v-2-kenh-nfc.jpg,ok
71,LED Driver CC Casambi 36W 6-54V 1 kênh NFC - SRP-CA9105N-36CC350-1050,led-driver-cc-casambi-36w-6-54v-1-kenh-nfc,https://knxstore.vn/products/led-driver-cc-casambi-36w-6-54v-1-kenh-nfc,https://knxstore.vn/assets/image/product/led-driver-cc-casambi-36w-6-54v-1-kenh-nfc.jpg,ok
72,LED Driver CC Casambi 36W 6-54V 2 kênh NFC - SRP-CA9105N-36CCT350-1050,led-driver-cc-casambi-36w-6-54v-2-kenh-nfc,https://knxstore.vn/products/led-driver-cc-casambi-36w-6-54v-2-kenh-nfc,https://knxstore.vn/assets/image/product/led-driver-cc-casambi-36w-6-54v-2-kenh-nfc.jpg,ok
73,LED Driver CC Casambi 45W 6-54V 1 kênh NFC - SRP-CA9105N-45CC500-1400,led-driver-cc-casambi-45w-6-54v-1-kenh-nfc,https://knxstore.vn/products/led-driver-cc-casambi-45w-6-54v-1-kenh-nfc,https://knxstore.vn/assets/image/product/led-driver-cc-casambi-45w-6-54v-1-kenh-nfc.jpg,ok
74,LED Driver CC Casambi 45W 6-54V 2 kênh NFC - SRP-CA9105N-45CCT500-1400,led-driver-cc-casambi-45w-6-54v-2-kenh-nfc,https://knxstore.vn/products/led-driver-cc-casambi-45w-6-54v-2-kenh-nfc,https://knxstore.vn/assets/image/product/led-driver-cc-casambi-45w-6-54v-2-kenh-nfc.jpg,ok
75,LED Driver CC Casambi 65W 6-54V 1 kênh NFC - SRP-CA9105N-65CC500-1500,led-driver-cc-casambi-65w-6-54v-1-kenh-nfc,https://knxstore.vn/products/led-driver-cc-casambi-65w-6-54v-1-kenh-nfc,https://knxstore.vn/assets/image/product/led-driver-cc-casambi-65w-6-54v-1-kenh-nfc.jpg,ok
76,LED Driver CC Casambi 65W 6-54V 2 kênh NFC - SRP-CA9105N-65CCT500-1500,led-driver-cc-casambi-65w-6-54v-2-kenh-nfc,https://knxstore.vn/products/led-driver-cc-casambi-65w-6-54v-2-kenh-nfc,https://knxstore.vn/assets/image/product/led-driver-cc-casambi-65w-6-54v-2-kenh-nfc.jpg,ok
77,LED Driver CV Casambi 100W 24VDC 1 kênh Sunricher - SRP-CA9105-24-100LCV,led-driver-cv-casambi-100w-24vdc-1-kenh-sunricher-srp-ca9105-24-100lcv,https://knxstore.vn/products/led-driver-cv-casambi-100w-24vdc-1-kenh-sunricher-srp-ca9105-24-100lcv,https://knxstore.vn/assets/image/product/led-driver-cv-casambi-100w-24vdc-1-kenh-sunricher-srp-ca9105-24-100lcv.jpg,ok
78,LED Driver CV Casambi 100W 24VDC 2 kênh Sunricher - SRP-CA9105-24-100LCVT,led-driver-cv-casambi-100w-24vdc-2-kenh-sunricher-srp-ca9105-24-100lcvt,https://knxstore.vn/products/led-driver-cv-casambi-100w-24vdc-2-kenh-sunricher-srp-ca9105-24-100lcvt,https://knxstore.vn/assets/image/product/led-driver-cv-casambi-100w-24vdc-2-kenh-sunricher-srp-ca9105-24-100lcvt.jpg,ok
79,LED Driver CV Casambi 100W 24VDC Vlinca - VBD-CV5-IDP-100W,led-driver-cv-casambi-100w-24vdc-vlinca-vbd-cv5-idp-100w,https://knxstore.vn/products/led-driver-cv-casambi-100w-24vdc-vlinca-vbd-cv5-idp-100w,https://knxstore.vn/assets/image/product/led-driver-cv-casambi-100w-24vdc-vlinca-vbd-cv5-idp-100w.jpg,ok
80,LED Driver CV Casambi 150W 24VDC 1 kênh Sunricher - SRP-CS9105-24-150LCV,led-driver-cv-casambi-150w-24vdc-1-kenh-sunricher-srp-cs9105-24-150lcv,https://knxstore.vn/products/led-driver-cv-casambi-150w-24vdc-1-kenh-sunricher-srp-cs9105-24-150lcv,https://knxstore.vn/assets/image/product/led-driver-cv-casambi-150w-24vdc-1-kenh-sunricher-srp-ca9105-24-150lcv.jpg,ok
81,LED Driver CV Casambi 150W 24VDC 2 kênh Sunricher - SRP-CS9105-24-150LCVT,led-driver-cv-casambi-150w-24vdc-2-kenh-sunricher-srp-cs9105-24-150lcvt,https://knxstore.vn/products/led-driver-cv-casambi-150w-24vdc-2-kenh-sunricher-srp-cs9105-24-150lcvt,https://knxstore.vn/assets/image/product/led-driver-cv-casambi-150w-24vdc-2-kenh-sunricher-srp-ca9105-24-150lcvt.jpg,ok
82,LED Driver CV Casambi 150W 24VDC Vlinca - VBD-CV5-IDP-150W,led-driver-cv-casambi-150w-24vdc-vlinca-vbd-cv5-idp-150w,https://knxstore.vn/products/led-driver-cv-casambi-150w-24vdc-vlinca-vbd-cv5-idp-150w,https://knxstore.vn/assets/image/product/led-driver-cv-casambi-150w-24vdc-vlinca-vbd-cv5-idp-150w.jpg,ok
83,LED Driver CV Casambi 75W 24VDC 1 kênh Sunricher - SRP-CS9105-24-75LCV,led-driver-cv-casambi-75w-24vdc-1-kenh-sunricher-srp-cs9105-24-75lcv,https://knxstore.vn/products/led-driver-cv-casambi-75w-24vdc-1-kenh-sunricher-srp-cs9105-24-75lcv,https://knxstore.vn/assets/image/product/led-driver-cv-casambi-75w-24vdc-1-kenh-sunricher-srp-ca9105-24-75lcv.jpg,ok
84,LED Driver CV Casambi 75W 24VDC 2 kênh Sunricher - SRP-CS9105-24-75LCVT,led-driver-cv-casambi-75w-24vdc-2-kenh-sunricher-srp-cs9105-24-75lcvt,https://knxstore.vn/products/led-driver-cv-casambi-75w-24vdc-2-kenh-sunricher-srp-cs9105-24-75lcvt,https://knxstore.vn/assets/image/product/led-driver-cv-casambi-75w-24vdc-2-kenh-sunricher-srp-ca9105-24-75lcvt.jpg,ok
85,Gateway tích hợp Ethernet Casambi - Lithernet,lithernet-gateway-tich-hop-casambi-dua-tren-ethernet,https://knxstore.vn/products/lithernet-gateway-tich-hop-casambi-dua-tren-ethernet,https://knxstore.vn/assets/image/product/lithernet-gateway-tich-hop-casambi-dua-tren-ethernet_3.jpg,ok
86,Công tắc xoay điều khiển Casambi Moorgen M58 - TL8061,moorgen-cong-tac-dieu-khien-casambi-m58,https://knxstore.vn/products/moorgen-cong-tac-dieu-khien-casambi-m58,https://knxstore.vn/assets/image/product/moorgen-cong-tac-dieu-khien-casambi-m58_13.jpg,ok
87,Bộ kit socket cho cảm biến có chân gắn Zhaga Olfer - 844007ZK1M5,ofler-bo-kit-socket-cho-cam-bien-co-chan-gan-zhaga-844007zk1m5,https://knxstore.vn/products/ofler-bo-kit-socket-cho-cam-bien-co-chan-gan-zhaga-844007zk1m5,https://knxstore.vn/assets/image/product/ofler-bo-kit-socket-cho-cam-bien-co-chan-gan-zhaga-844007zk1m5_4.jpg,ok
88,Cảm biến ánh sáng NEMA Casambi Olfer DALI / 0-10V,ofler-cam-bien-anh-sang-nema-olfer-casambi-dali-0-10v-cas-uni-nema-5p-010da-rl-lx,https://knxstore.vn/products/ofler-cam-bien-anh-sang-nema-olfer-casambi-dali-0-10v-cas-uni-nema-5p-010da-rl-lx,https://knxstore.vn/assets/image/product/ofler-cam-bien-anh-sang-nema-olfer-casambi-dali-0-10v-cas-uni-nema-5p-010da-rl-lx_5.jpg,ok
89,Cảm biến ánh sáng Zhaga Casambi Olfer,ofler-cam-bien-anh-sang-zhaga-olfer-casambi-cas-24v-zhaga-4p-80-da-lx,https://knxstore.vn/products/ofler-cam-bien-anh-sang-zhaga-olfer-casambi-cas-24v-zhaga-4p-80-da-lx,https://knxstore.vn/assets/image/product/ofler-cam-bien-anh-sang-zhaga-olfer-casambi-cas-24v-zhaga-4p-80-da-lx_4.jpg,ok
90,Hộp đấu nối chống nước ngoài trời Olfer - CBU BOX IP66,ofler-hop-dau-noi-chong-nuoc-ngoai-troi-cbu-box-ip66,https://knxstore.vn/products/ofler-hop-dau-noi-chong-nuoc-ngoai-troi-cbu-box-ip66,https://knxstore.vn/assets/image/product/ofler-hop-dau-noi-chong-nuoc-ngoai-troi-cbu-box-ip66_4.jpg,ok
91,Phụ kiện lắp nổi cảm biến Casambi Unity S1 IP65 Versaan,phu-kien-lap-noi-cam-bien-unity-s1-ip65-versaan-vs-s1-smw,https://knxstore.vn/products/phu-kien-lap-noi-cam-bien-unity-s1-ip65-versaan-vs-s1-smw,https://knxstore.vn/assets/image/product/phu-kien-lap-noi-cam-bien-unity-s1-ip65-versaan-vs-s1-smw3.jpg,ok
92,Mô-đun giao tiếp cho 4 nút nhấn Casambi Scemtec - SC-TI-CAS,scemtec-mo-dun-giao-tiep-cho-4-nut-nhan-casambi-sc-ti-cas,https://knxstore.vn/products/scemtec-mo-dun-giao-tiep-cho-4-nut-nhan-casambi-sc-ti-cas,https://knxstore.vn/assets/image/product/scemtec-mo-dun-giao-tiep-cho-4-nut-nhan-casambi-sc-ti-cas_3.jpg,ok
93,"Bộ nguồn driver dimmer đèn LED 12-24VDC, Bluetooth Casambi Vadsbo - LCC60WCM",vadsbo-bo-cap-nguon-tich-hop-dimmer-den-led-12-24vdc-hoac-350-900ma,https://knxstore.vn/products/vadsbo-bo-cap-nguon-tich-hop-dimmer-den-led-12-24vdc-hoac-350-900ma,https://knxstore.vn/assets/image/product/vadsbo-bo-cap-nguon-tich-hop-dimmer-den-led-12-24vdc-hoac-350-900ma_2.jpg,ok